{
	"credit": "Cha_Shao",
	"textures": {
		"0": "item/sprinklers/sprinkler_3",
		"particle": "item/sprinklers/sprinkler_3"
	},
	"elements": [
		{
			"from": [6, 4, 1],
			"to": [10, 8, 3],
			"rotation": {"angle": 0, "axis": "y", "origin": [8, 5, 8]},
			"faces": {
				"north": {"uv": [2, 0, 6, 4], "texture": "#0", "tintindex": 0},
				"east": {"uv": [0, 0, 2, 4], "texture": "#0", "tintindex": 0},
				"south": {"uv": [8, 0, 12, 4], "texture": "#0", "tintindex": 0},
				"west": {"uv": [6, 0, 8, 4], "texture": "#0", "tintindex": 0},
				"up": {"uv": [0, 4, 4, 6], "texture": "#0", "tintindex": 0},
				"down": {"uv": [4, 4, 8, 6], "texture": "#0", "tintindex": 0}
			}
		},
		{
			"from": [7, 5, 3],
			"to": [9, 7, 6],
			"rotation": {"angle": 0, "axis": "y", "origin": [8, 5, 8]},
			"faces": {
				"north": {"uv": [0, 0, 2, 2], "texture": "#0"},
				"east": {"uv": [14, 0, 16, 3], "rotation": 90, "texture": "#0"},
				"south": {"uv": [0, 0, 2, 2], "texture": "#0"},
				"west": {"uv": [14, 0, 16, 3], "rotation": 90, "texture": "#0"},
				"up": {"uv": [12, 0, 14, 3], "texture": "#0"},
				"down": {"uv": [8, 4, 11, 6], "rotation": 90, "texture": "#0"}
			}
		},
		{
			"from": [13, 4, 6],
			"to": [15, 8, 10],
			"rotation": {"angle": 0, "axis": "y", "origin": [8, 5, 8]},
			"faces": {
				"north": {"uv": [6, 0, 8, 4], "texture": "#0", "tintindex": 0},
				"east": {"uv": [2, 0, 6, 4], "texture": "#0", "tintindex": 0},
				"south": {"uv": [0, 0, 2, 4], "texture": "#0", "tintindex": 0},
				"west": {"uv": [8, 0, 12, 4], "texture": "#0", "tintindex": 0},
				"up": {"uv": [0, 4, 4, 6], "rotation": 90, "texture": "#0", "tintindex": 0},
				"down": {"uv": [4, 4, 8, 6], "rotation": 270, "texture": "#0", "tintindex": 0}
			}
		},
		{
			"from": [10, 5, 7],
			"to": [13, 7, 9],
			"rotation": {"angle": 0, "axis": "y", "origin": [8, 5, 8]},
			"faces": {
				"north": {"uv": [14, 0, 16, 3], "rotation": 90, "texture": "#0"},
				"east": {"uv": [0, 0, 2, 2], "texture": "#0"},
				"south": {"uv": [14, 0, 16, 3], "rotation": 90, "texture": "#0"},
				"west": {"uv": [0, 0, 2, 2], "texture": "#0"},
				"up": {"uv": [12, 0, 14, 3], "rotation": 90, "texture": "#0"},
				"down": {"uv": [8, 4, 11, 6], "texture": "#0"}
			}
		},
		{
			"from": [6, 4, 13],
			"to": [10, 8, 15],
			"rotation": {"angle": 0, "axis": "y", "origin": [8, 5, 8]},
			"faces": {
				"north": {"uv": [8, 0, 12, 4], "texture": "#0", "tintindex": 0},
				"east": {"uv": [6, 0, 8, 4], "texture": "#0", "tintindex": 0},
				"south": {"uv": [2, 0, 6, 4], "texture": "#0", "tintindex": 0},
				"west": {"uv": [0, 0, 2, 4], "texture": "#0", "tintindex": 0},
				"up": {"uv": [0, 4, 4, 6], "rotation": 180, "texture": "#0", "tintindex": 0},
				"down": {"uv": [4, 4, 8, 6], "rotation": 180, "texture": "#0", "tintindex": 0}
			}
		},
		{
			"from": [7, 5, 10],
			"to": [9, 7, 13],
			"rotation": {"angle": 0, "axis": "y", "origin": [8, 5, 8]},
			"faces": {
				"north": {"uv": [0, 0, 2, 2], "texture": "#0"},
				"east": {"uv": [14, 0, 16, 3], "rotation": 90, "texture": "#0"},
				"south": {"uv": [0, 0, 2, 2], "texture": "#0"},
				"west": {"uv": [14, 0, 16, 3], "rotation": 90, "texture": "#0"},
				"up": {"uv": [12, 0, 14, 3], "rotation": 180, "texture": "#0"},
				"down": {"uv": [8, 4, 11, 6], "rotation": 270, "texture": "#0"}
			}
		},
		{
			"from": [1, 4, 6],
			"to": [3, 8, 10],
			"rotation": {"angle": 0, "axis": "y", "origin": [8, 5, 8]},
			"faces": {
				"north": {"uv": [0, 0, 2, 4], "texture": "#0", "tintindex": 0},
				"east": {"uv": [8, 0, 12, 4], "texture": "#0", "tintindex": 0},
				"south": {"uv": [6, 0, 8, 4], "texture": "#0", "tintindex": 0},
				"west": {"uv": [2, 0, 6, 4], "texture": "#0", "tintindex": 0},
				"up": {"uv": [0, 4, 4, 6], "rotation": 270, "texture": "#0", "tintindex": 0},
				"down": {"uv": [4, 4, 8, 6], "rotation": 90, "texture": "#0", "tintindex": 0}
			}
		},
		{
			"from": [3, 5, 7],
			"to": [6, 7, 9],
			"rotation": {"angle": 0, "axis": "y", "origin": [8, 5, 8]},
			"faces": {
				"north": {"uv": [14, 0, 16, 3], "rotation": 90, "texture": "#0"},
				"east": {"uv": [0, 0, 2, 2], "texture": "#0"},
				"south": {"uv": [14, 0, 16, 3], "rotation": 90, "texture": "#0"},
				"west": {"uv": [0, 0, 2, 2], "texture": "#0"},
				"up": {"uv": [12, 0, 14, 3], "rotation": 270, "texture": "#0"},
				"down": {"uv": [8, 4, 11, 6], "rotation": 180, "texture": "#0"}
			}
		},
		{
			"from": [6, 3, 6],
			"to": [10, 8, 10],
			"rotation": {"angle": 0, "axis": "y", "origin": [8, 5, 8]},
			"faces": {
				"north": {"uv": [0, 10, 4, 15], "texture": "#0", "tintindex": 0},
				"east": {"uv": [0, 10, 4, 15], "texture": "#0", "tintindex": 0},
				"south": {"uv": [0, 10, 4, 15], "texture": "#0", "tintindex": 0},
				"west": {"uv": [0, 10, 4, 15], "texture": "#0", "tintindex": 0},
				"up": {"uv": [0, 6, 4, 10], "rotation": 90, "texture": "#0", "tintindex": 0},
				"down": {"uv": [4, 6, 8, 10], "rotation": 270, "texture": "#0", "tintindex": 0}
			}
		},
		{
			"from": [7, 0, 7],
			"to": [9, 3, 9],
			"rotation": {"angle": 0, "axis": "y", "origin": [8, 5, 8]},
			"faces": {
				"north": {"uv": [10, 6, 8, 9], "texture": "#0"},
				"east": {"uv": [8, 6, 10, 9], "texture": "#0"},
				"south": {"uv": [10, 6, 8, 9], "texture": "#0"},
				"west": {"uv": [8, 6, 10, 9], "texture": "#0"}
			}
		}
	],
	"gui_light": "front",
	"display": {
		"thirdperson_righthand": {
			"rotation": [60, 45, 0],
			"translation": [0, 2, 0],
			"scale": [0.5, 0.5, 0.5]
		},
		"thirdperson_lefthand": {
			"rotation": [60, 45, 0],
			"translation": [0, 2, 0],
			"scale": [0.5, 0.5, 0.5]
		},
		"firstperson_righthand": {
			"rotation": [0, 30, 0]
		},
		"firstperson_lefthand": {
			"rotation": [0, 30, 0]
		},
		"ground": {
			"translation": [0, 3, 0],
			"scale": [0.3, 0.3, 0.3]
		},
		"gui": {
			"rotation": [30, 135, 0],
			"translation": [0, 2, 0]
		},
		"head": {
			"translation": [0, -27, 0],
			"scale": [2, 2, 2]
		},
		"fixed": {
			"rotation": [-90, 0, 0],
			"translation": [0, 0, -16],
			"scale": [2, 2, 2]
		}
	}
}