{
	"credit": "momirealms",
	"texture_size": [16, 32],
	"textures": {
		"0": "item/basics/greenhouse_glass",
		"particle": "item/basics/greenhouse_glass"
	},
	"elements": [
		{
			"from": [0, 0, 0],
			"to": [16, 8, 16],
			"faces": {
				"north": {"uv": [0, 7.5, 16, 11.5], "texture": "#0"},
				"east": {"uv": [0, 7.5, 16, 11.5], "texture": "#0"},
				"south": {"uv": [0, 7.5, 16, 11.5], "texture": "#0"},
				"west": {"uv": [0, 7.5, 16, 11.5], "texture": "#0"},
				"up": {"uv": [0, 0, 16, 8], "texture": "#0"},
				"down": {"uv": [0, 0, 16, 8], "texture": "#0"}
			}
		}
	],
	"gui_light": "front",
	"display": {
		"thirdperson_righthand": {
			"rotation": [30, 60, 0],
			"scale": [0.3, 0.3, 0.3]
		},
		"thirdperson_lefthand": {
			"rotation": [30, 60, 0],
			"scale": [0.3, 0.3, 0.3]
		},
		"firstperson_righthand": {
			"rotation": [0, 30, 0],
			"translation": [0, 2, 0],
			"scale": [0.3, 0.3, 0.3]
		},
		"firstperson_lefthand": {
			"rotation": [0, 30, 0],
			"translation": [0, 2, 0],
			"scale": [0.3, 0.3, 0.3]
		},
		"ground": {
			"translation": [0, 2, 0],
			"scale": [0.3, 0.3, 0.3]
		},
		"gui": {
			"rotation": [30, 45, 0],
			"translation": [0, 1.5, 0],
			"scale": [0.6, 0.6, 0.6]
		}
	}
}