{
	"credit": "Cha_Shao",
	"texture_size": [32, 32],
	"textures": {
		"0": "item/basics/scarecrow",
		"particle": "item/basics/scarecrow"
	},
	"elements": [
		{
			"from": [7, 0, 7],
			"to": [9, 12, 9],
			"faces": {
				"north": {"uv": [6, 8, 7, 14], "texture": "#0"},
				"east": {"uv": [7, 8, 8, 14], "texture": "#0"},
				"south": {"uv": [6, 8, 7, 14], "texture": "#0"},
				"west": {"uv": [7, 8, 8, 14], "texture": "#0"}
			}
		},
		{
			"from": [7, 12, 7],
			"to": [9, 21, 9],
			"faces": {
				"north": {"uv": [6, 8, 7, 12.5], "texture": "#0"},
				"east": {"uv": [7, 8, 8, 12.5], "texture": "#0"},
				"south": {"uv": [6, 8, 7, 12.5], "texture": "#0"},
				"west": {"uv": [7, 8, 8, 12.5], "texture": "#0"}
			}
		},
		{
			"from": [4, 21, 4],
			"to": [12, 29, 12],
			"faces": {
				"north": {"uv": [8, 0, 12, 4], "texture": "#0"},
				"east": {"uv": [12, 0, 16, 4], "texture": "#0"},
				"south": {"uv": [12, 0, 16, 4], "texture": "#0"},
				"west": {"uv": [12, 0, 16, 4], "texture": "#0"},
				"up": {"uv": [0, 0, 4, 4], "texture": "#0"},
				"down": {"uv": [12, 0, 16, 4], "texture": "#0"}
			}
		},
		{
			"from": [4, 5, 6],
			"to": [12, 21, 10],
			"faces": {
				"north": {"uv": [10, 8, 14, 16], "texture": "#0"},
				"east": {"uv": [8, 8, 10, 16], "texture": "#0"},
				"south": {"uv": [14, 8, 10, 16], "texture": "#0"},
				"west": {"uv": [14, 8, 16, 16], "texture": "#0"}
			}
		},
		{
			"from": [12, 5, 6],
			"to": [4, 21, 10],
			"rotation": {"angle": 0, "axis": "x", "origin": [16, 0, 0]},
			"faces": {
				"north": {"uv": [14, 8, 10, 16], "texture": "#0"},
				"east": {"uv": [16, 8, 14, 16], "texture": "#0"},
				"south": {"uv": [10, 8, 14, 16], "texture": "#0"},
				"west": {"uv": [10, 8, 8, 16], "texture": "#0"}
			}
		},
		{
			"from": [3, 28, -8],
			"to": [13, 32, 2],
			"rotation": {"angle": 22.5, "axis": "x", "origin": [0, 0, 0]},
			"faces": {
				"north": {"uv": [3, 14, 8, 16], "texture": "#0"},
				"east": {"uv": [0, 14, 5, 16], "texture": "#0"},
				"south": {"uv": [3, 14, 8, 16], "texture": "#0"},
				"west": {"uv": [0, 14, 5, 16], "texture": "#0"},
				"up": {"uv": [0, 9, 5, 14], "rotation": 180, "texture": "#0"}
			}
		},
		{
			"from": [0, 28, -11],
			"to": [16, 28, 5],
			"rotation": {"angle": 22.5, "axis": "x", "origin": [0, 0, 0]},
			"faces": {
				"north": {"uv": [0, 0, 9, 0], "texture": "#0"},
				"east": {"uv": [0, 0, 8, 0], "texture": "#0"},
				"south": {"uv": [0, 0, 8, 0], "texture": "#0"},
				"west": {"uv": [0, 0, 8, 0], "texture": "#0"},
				"up": {"uv": [0, 0, 8, 8], "texture": "#0"},
				"down": {"uv": [0, 0, 8, 8], "texture": "#0"}
			}
		},
		{
			"from": [4, 14, 5.9],
			"to": [12, 18, 10.1],
			"rotation": {"angle": 22.5, "axis": "z", "origin": [0, 0, 0]},
			"faces": {
				"north": {"uv": [8, 4, 12, 6], "texture": "#0"},
				"east": {"uv": [0, 0, 2, 2], "texture": "#0"},
				"south": {"uv": [12, 4, 8, 6], "texture": "#0"},
				"up": {"uv": [8, 6, 12, 8], "texture": "#0"},
				"down": {"uv": [8, 6, 12, 8], "texture": "#0"}
			}
		},
		{
			"from": [4, 14, 10],
			"to": [12, 18, 6],
			"rotation": {"angle": 22.5, "axis": "z", "origin": [0, 0, 16]},
			"faces": {
				"north": {"uv": [8, 4, 12, 6], "texture": "#0"},
				"east": {"uv": [2, 0, 0, 2], "texture": "#0"},
				"south": {"uv": [12, 4, 8, 6], "texture": "#0"},
				"up": {"uv": [8, 8, 12, 6], "texture": "#0"},
				"down": {"uv": [8, 8, 12, 6], "texture": "#0"}
			}
		},
		{
			"from": [0, 15.9, 7],
			"to": [12, 17.9, 9],
			"rotation": {"angle": 22.5, "axis": "z", "origin": [0, 0, 0]},
			"faces": {
				"north": {"uv": [7, 14, 8, 8], "rotation": 90, "texture": "#0"},
				"east": {"uv": [3, 0, 2, 1], "texture": "#0"},
				"south": {"uv": [7, 14, 8, 8], "rotation": 90, "texture": "#0"},
				"west": {"uv": [7, 8, 6, 9], "texture": "#0"},
				"up": {"uv": [6, 14, 7, 8], "rotation": 90, "texture": "#0"},
				"down": {"uv": [6, 14, 7, 8], "rotation": 90, "texture": "#0"}
			}
		},
		{
			"from": [4, 14, 5.9],
			"to": [12, 18, 10.1],
			"rotation": {"angle": -22.5, "axis": "z", "origin": [16, 0, 0]},
			"faces": {
				"north": {"uv": [12, 4, 8, 6], "texture": "#0"},
				"south": {"uv": [8, 4, 12, 6], "texture": "#0"},
				"west": {"uv": [2, 0, 0, 2], "texture": "#0"},
				"up": {"uv": [12, 6, 8, 8], "texture": "#0"},
				"down": {"uv": [12, 6, 8, 8], "texture": "#0"}
			}
		},
		{
			"from": [4, 15.9, 7],
			"to": [16, 17.9, 9],
			"rotation": {"angle": -22.5, "axis": "z", "origin": [16, 0, 0]},
			"faces": {
				"north": {"uv": [7, 8, 8, 14], "rotation": 90, "texture": "#0"},
				"east": {"uv": [6, 8, 7, 9], "texture": "#0"},
				"south": {"uv": [7, 8, 8, 14], "rotation": 90, "texture": "#0"},
				"west": {"uv": [2, 0, 3, 1], "texture": "#0"},
				"up": {"uv": [6, 8, 7, 14], "rotation": 90, "texture": "#0"},
				"down": {"uv": [6, 8, 7, 14], "rotation": 90, "texture": "#0"}
			}
		},
		{
			"from": [4, 14, 10],
			"to": [12, 18, 6],
			"rotation": {"angle": -22.5, "axis": "z", "origin": [16, 0, 16]},
			"faces": {
				"north": {"uv": [12, 4, 8, 6], "texture": "#0"},
				"south": {"uv": [8, 4, 12, 6], "texture": "#0"},
				"west": {"uv": [0, 0, 2, 2], "texture": "#0"},
				"up": {"uv": [12, 8, 8, 6], "texture": "#0"},
				"down": {"uv": [12, 8, 8, 6], "texture": "#0"}
			}
		},
		{
			"from": [-1, 0, 8],
			"to": [6, 7, 8],
			"rotation": {"angle": 22.5, "axis": "y", "origin": [0, 0, 0]},
			"faces": {
				"north": {"uv": [12.5, 4.5, 16, 8], "texture": "#0", "tintindex": 0},
				"south": {"uv": [12.5, 4.5, 16, 8], "texture": "#0", "tintindex": 0}
			}
		},
		{
			"from": [13, 0, 0],
			"to": [13, 7, 7],
			"rotation": {"angle": -22.5, "axis": "y", "origin": [0, 0, 0]},
			"faces": {
				"east": {"uv": [12.5, 4.5, 16, 8], "texture": "#0", "tintindex": 0},
				"west": {"uv": [12.5, 4.5, 16, 8], "texture": "#0", "tintindex": 0}
			}
		},
		{
			"from": [9, 0, 3],
			"to": [16, 7, 3],
			"rotation": {"angle": -45, "axis": "y", "origin": [0, 0, 0]},
			"faces": {
				"north": {"uv": [12.5, 4.5, 16, 8], "texture": "#0", "tintindex": 0},
				"south": {"uv": [12.5, 4.5, 16, 8], "texture": "#0", "tintindex": 0}
			}
		}
	],
	"gui_light": "front",
	"display": {
		"thirdperson_righthand": {
			"scale": [0.3, 0.3, 0.3]
		},
		"thirdperson_lefthand": {
			"scale": [0.3, 0.3, 0.3]
		},
		"firstperson_righthand": {
			"rotation": [0, 120, 0],
			"scale": [0.3, 0.3, 0.3]
		},
		"firstperson_lefthand": {
			"rotation": [0, 120, 0],
			"scale": [0.3, 0.3, 0.3]
		},
		"ground": {
			"scale": [0.3, 0.3, 0.3]
		},
		"gui": {
			"rotation": [30, 135, 0],
			"translation": [0, -3.5, 0],
			"scale": [0.5, 0.5, 0.5]
		},
		"fixed": {
			"rotation": [-90, 0, 0],
			"translation": [0, 0, -16],
			"scale": [2, 2, 2]
		}
	}
}